Arrow_ID,P01_Adaptive_Score,P01_Fixed_Score,P02_Adaptive_Score,P02_Fixed_Score,P03_Adaptive_Score,P03_Fixed_Score,P04_Adaptive_Score,P04_Fixed_Score,P05_Adaptive_Score,P05_Fixed_Score,P06_Adaptive_Score,P06_Fixed_Score,P07_Adaptive_Score,P07_Fixed_Score,P08_Adaptive_Score,P08_Fixed_Score,P09_Adaptive_Score,P09_Fixed_Score,P10_Adaptive_Score,P10_Fixed_Score,P11_Adaptive_Score,P11_Fixed_Score,P12_Adaptive_Score,P12_Fixed_Score,P13_Adaptive_Score,P13_Fixed_Score,P14_Adaptive_Score,P14_Fixed_Score,P15_Adaptive_Score,P15_Fixed_Score,P16_Adaptive_Score,P16_Fixed_Score,P17_Adaptive_Score,P17_Fixed_Score,P18_Adaptive_Score,P18_Fixed_Score,P19_Adaptive_Score,P19_Fixed_Score,P20_Adaptive_Score,P20_Fixed_Score,P21_Adaptive_Score,P21_Fixed_Score,P22_Adaptive_Score,P22_Fixed_Score,P01_Adaptive_Time,P01_Fixed_Time,P02_Adaptive_Time,P02_Fixed_Time,P03_Adaptive_Time,P03_Fixed_Time,P04_Adaptive_Time,P04_Fixed_Time,P05_Adaptive_Time,P05_Fixed_Time,P06_Adaptive_Time,P06_Fixed_Time,P07_Adaptive_Time,P07_Fixed_Time,P08_Adaptive_Time,P08_Fixed_Time,P09_Adaptive_Time,P09_Fixed_Time,P10_Adaptive_Time,P10_Fixed_Time,P11_Adaptive_Time,P11_Fixed_Time,P12_Adaptive_Time,P12_Fixed_Time,P13_Adaptive_Time,P13_Fixed_Time,P14_Adaptive_Time,P14_Fixed_Time,P15_Adaptive_Time,P15_Fixed_Time,P16_Adaptive_Time,P16_Fixed_Time,P17_Adaptive_Time,P17_Fixed_Time,P18_Adaptive_Time,P18_Fixed_Time,P19_Adaptive_Time,P19_Fixed_Time,P20_Adaptive_Time,P20_Fixed_Time,P21_Adaptive_Time,P21_Fixed_Time,P22_Adaptive_Time,P22_Fixed_Time
1,6,7,6,6,7,7,7,6,4,5,6,5,4,5,6,7,7,7,6,6,4,5,7,6,6,6,7,6,5,5,6,6,6,5,6,6,7,7,7,6,8,8,5,5,7.8113,7.5059,6.6127,7.887,8.0803,8.3124,8.183,7.4151,9.0577,8.1211,7.3752,6.8039,7.9435,6.4449,6.6037,9.6065,6.3901,9.1994,7.523,5.696,8.1964,7.0074,6.4996,6.9951,8.5684,8.9763,7.1703,7.0608,9.8189,8.7126,7.3278,7.0936,8.0577,7.3747,8.1846,8.2205,7.034,8.5715,6.7731,8.1028,8.9307,8.8996,7.3823,7.6233
2,5,5,8,7,7,8,8,7,5,6,6,6,5,6,8,7,9,8,8,8,4,5,8,8,6,6,7,6,3,4,3,4,5,6,4,5,7,7,4,4,9,8,6,6,7.3425,9.1648,6.1248,7.002,8.5774,6.7061,6.2847,8.3929,7.9207,9.6121,7.3195,7.4552,7.9793,7.6002,8.8878,7.1902,8.0198,6.0222,7.3054,8.1405,7.9095,7.0612,6.8208,8.5634,6.9937,8.358,9.6023,7.4857,5.872,6.3851,6.5115,8.063,8.0162,8.4892,8.3678,6.674,7.0058,6.101,8.4015,6.5661,7.978,6.7212,8.2663,7.9635
3,6,6,9,8,8,7,7,6,4,4,5,5,6,5,9,8,7,6,7,7,4,4,6,7,5,5,6,6,4,4,5,4,4,4,6,5,5,6,5,6,8,7,5,4,6.9239,7.4151,9.7167,7.0287,6.5826,7.9349,5.5735,7.197,7.1291,6.3198,8.0729,8.0214,5.6047,5.9828,9.4088,7.114,8.237,7.2542,6.7007,7.2241,8.0115,7.219,6.0002,9.3771,8.0363,9.0861,7.9545,8.4031,9.9614,6.3782,6.3095,7.5695,5.5453,6.1981,6.8825,7.4801,8.335,6.7563,7.2468,8.6106,7.9508,6.5726,8.7328,8.8307
4,8,7,6,6,5,6,8,7,4,4,5,6,6,6,6,7,6,6,7,8,3,4,6,6,6,5,4,5,5,4,6,6,5,4,8,7,7,6,7,6,9,8,3,4,8.708,8.416,6.9546,7.8568,8.0355,9.4212,8.1143,6.8739,7.5305,8.3146,6.4617,7.2637,7.4545,6.3213,6.2822,6.5142,7.1506,7.4775,9.1784,7.7508,9.9897,7.0409,7.9079,7.1636,8.2885,9.4493,7.7625,5.9467,8.0895,6.7768,6.752,6.8636,7.3894,8.0359,9.1498,6.7102,5.6471,7.9963,8.0497,9.0691,8.5157,9.1461,8.4526,7.8487
5,5,6,8,9,8,8,8,7,5,6,5,5,4,5,6,7,8,7,8,8,6,5,10,9,7,8,7,6,5,5,8,7,7,6,7,6,8,9,7,7,7,8,4,5,5.8844,8.1872,7.0259,8.0313,11.3708,6.7789,6.9062,7.9208,6.7597,8.1553,6.342,7.9115,6.5079,8.2802,9.029,7.1742,7.9693,8.223,9.2195,6.6249,6.9952,6.6358,7.4597,8.6305,7.1075,6.2113,7.3217,8.9056,8.3748,7.8535,5.9671,9.2772,8.1225,5.3765,7.3964,6.7684,8.6666,7.4269,6.9917,6.4043,10.1156,7.2767,9.4877,7.3828
6,8,6,7,9,9,9,8,9,6,5,6,6,7,6,9,7,8,8,9,9,6,6,8,8,8,7,6,7,7,5,7,7,8,5,8,6,8,7,7,6,9,8,6,5,6.755,7.1731,7.0902,8.4978,8.1602,6.7045,6.5336,8.4479,7.5292,6.6282,7.8623,6.2885,5.2463,8.8891,6.9623,9.2043,8.1833,8.6532,6.3484,6.4258,6.4672,7.0837,8.901,8.036,7.3443,6.967,6.9804,7.9268,7.3048,7.9438,7.8566,6.8317,8.2413,10.0143,7.7029,9.3515,9.464,9.1088,5.7791,5.7535,7.3598,5.9616,6.7905,7.1703
7,7,6,8,8,9,9,8,7,8,7,6,6,6,5,9,9,8,9,9,9,6,6,7,8,9,8,7,7,6,6,5,7,6,7,8,7,8,9,7,7,9,9,6,6,7.7576,5.7364,7.4937,7.1963,7.6739,7.8634,7.8775,8.5508,7.9891,6.8441,7.4094,8.6831,5.6958,6.5467,5.8936,7.306,7.6478,6.4137,7.8726,5.7022,8.2156,7.7298,4.8236,8.6945,6.4565,6.9968,7.0725,7.7815,6.962,7.9749,7.3991,8.4104,8.5111,8.3651,9.3151,6.0395,7.0823,10.0039,5.6605,7.3705,6.6705,7.4404,6.8418,6.2939
8,8,8,8,8,8,8,9,7,8,5,6,7,6,6,10,7,9,9,9,7,8,5,9,8,9,7,7,5,6,5,7,6,7,7,7,7,10,7,7,7,9,7,7,7,8.0786,7.0817,8.5729,6.0603,7.7894,8.3575,6.3358,7.0446,6.2544,7.3729,6.1158,6.6589,6.9552,7.9412,7.1575,5.3195,6.7129,7.5832,5.3336,7.8788,6.4589,6.036,6.5294,8.1782,7.3488,5.7597,6.9442,6.8529,6.7477,8.4895,5.8148,8.7739,6.685,7.4239,8.0721,7.4334,8.9159,5.6454,6.9819,5.9316,6.7233,10.7155,5.5285,9.5854
9,7,6,8,9,8,9,9,7,7,7,6,6,6,5,8,8,9,7,8,9,6,7,8,9,7,6,6,6,5,6,8,5,6,5,7,7,10,8,5,6,9,8,5,5,6.8321,7.9576,6.7008,7.7883,6.7808,8.9744,7.3393,6.8131,7.2051,7.2026,5.8641,7.522,6.528,7.2107,7.7583,8.2935,5.7734,7.5027,6.6569,8.3896,7.4977,8.4156,7.7365,7.6735,6.6616,5.2258,5.0287,8.6915,6.9254,6.2945,7.4429,7.8062,6.7243,7.2349,7.4105,8.684,8.1114,7.7898,8.1876,6.9987,8.3401,6.7762,6.0742,6.9657
10,8,7,9,10,8,9,9,10,8,6,6,6,7,8,9,9,9,9,8,9,6,7,9,10,7,9,7,6,6,7,6,7,6,7,9,9,9,9,6,8,8,9,7,7,8.1252,6.2362,5.7906,7.2921,7.1096,10.244,7.6523,8.2905,6.2131,6.9648,5.7031,7.4754,6.3224,6.0223,7.2401,8.6695,6.8472,7.389,7.5296,8.4172,7.6523,8.5953,6.4666,6.7086,7.5674,8.4014,7.3784,7.1578,5.9242,8.2213,6.9631,9.6779,7.1933,7.8428,7.6571,9.4787,7.4981,8.0794,6.2119,4.6516,8.1637,8.6746,8.8589,7.8297
11,6,7,8,9,10,9,7,8,5,8,8,8,7,7,7,10,7,9,8,8,6,6,7,9,7,7,7,6,6,7,6,7,6,6,7,9,9,10,6,7,9,9,6,8,7.958,7.4148,9.3398,7.1086,6.1575,6.6659,7.464,7.4638,7.4259,7.7629,7.9466,9.1621,6.7709,9.3176,8.4954,7.1039,9.0771,6.9751,6.5617,6.1249,6.5078,8.9358,8.8958,7.1386,7.5794,8.0797,5.1205,4.6741,9.4127,8.9082,8.106,7.8376,8.023,8.5157,9.2171,7.1595,7.3575,6.1821,9.1711,9.2912,7.9051,6.0885,7.9751,8.1344
12,6,7,7,10,8,10,9,10,4,8,5,7,6,7,9,8,7,8,8,8,7,6,8,10,7,8,8,7,7,6,6,6,6,8,7,9,7,8,5,7,6,9,6,7,6.9437,6.2284,8.2092,6.7289,6.4182,8.0007,8.6369,6.5088,7.4971,7.0145,8.1146,8.3751,9.3491,7.9662,9.3769,9.7992,6.6172,6.9803,8.5185,7.4348,9.8228,7.1668,7.928,8.8072,10.282,7.5969,7.8835,5.7814,6.4534,7.653,7.1097,7.9336,9.2185,6.768,7.307,7.0328,7.9072,6.5522,8.0856,7.0695,7.4194,6.8502,9.305,8.7599
13,7,7,8,9,8,10,8,10,5,6,6,8,4,6,9,9,7,9,8,9,5,8,9,8,8,8,7,6,5,7,6,8,7,8,6,7,8,10,6,8,9,8,5,7,9.5038,7.7567,8.8017,7.9282,9.1178,8.233,8.1473,6.2702,8.1739,7.7573,7.6803,8.7783,7.1083,6.9174,7.5102,7.7715,8.637,7.6375,8.9896,6.6776,7.6344,8.9766,6.9524,7.5776,8.587,6.4884,6.9881,6.4061,8.9655,7.541,6.6196,7.3949,6.5406,6.6209,6.175,7.9441,7.4571,7.9941,8.7186,7.9907,8.0019,8.6035,8.3879,7.4012
14,7,9,7,8,8,10,9,10,6,8,6,8,6,6,7,8,7,8,9,10,6,8,7,10,7,7,6,8,5,7,6,8,4,7,8,9,9,8,6,8,7,9,7,7,9.1455,8.028,6.704,7.6994,6.9414,7.4508,7.4386,6.0995,9.9016,6.1152,8.6631,8.093,7.7029,6.5409,7.8986,6.675,9.7767,9.0279,8.3679,6.647,8.3526,7.0006,7.3362,8.2708,8.2657,8.524,6.9783,8.683,7.809,6.0824,7.1202,7.3729,8.9567,7.518,7.0406,9.2092,8.8655,7.7941,7.6529,7.829,7.5231,8.8033,8.6436,9.5448
15,7,9,8,9,7,9,8,8,7,8,6,8,6,8,8,9,6,9,8,9,6,6,8,8,7,7,5,7,6,8,5,6,5,6,7,7,8,9,5,8,9,9,6,7,7.4962,7.3523,8.3234,7.4564,8.7073,6.0197,7.8241,7.656,7.4408,7.3136,7.3278,5.6464,7.3029,6.5713,9.1143,6.6688,9.7268,8.615,6.2434,5.9945,10.0307,7.2458,8.2638,9.6862,7.1294,7.6708,9.9364,7.8768,7.0567,6.6725,9.2663,9.7371,7.8021,7.9982,7.8642,6.898,9.3875,7.8455,8.1111,8.7552,8.5728,8.3715,9.1428,6.6777
16,7,8,8,8,7,9,7,8,5,8,5,8,6,8,6,9,8,9,8,9,5,6,7,9,6,9,5,6,5,8,6,6,4,7,7,8,7,8,5,7,7,9,3,6,10.6843,9.4928,9.3797,7.495,9.2408,8.3829,10.1252,6.0814,9.5119,9.0063,6.6096,5.3606,8.7412,7.3574,10.5541,7.0432,8.9273,5.4501,9.117,6.0551,8.2242,6.6006,9.3735,7.7428,7.474,5.607,9.2427,8.0007,7.6921,5.3783,9.6348,6.1501,7.2227,8.3425,9.9629,6.9674,8.7165,6.7932,6.1096,7.3211,8.656,6.6736,9.8209,7.5227
17,6,8,7,9,7,9,8,8,4,7,4,8,6,8,7,9,7,9,8,9,4,8,6,8,7,7,6,8,5,6,5,8,6,8,7,7,7,8,6,7,7,9,5,7,10.7008,6.5884,9.2594,9.9832,8.373,6.2778,9.831,7.5388,10.856,7.3644,10.2762,8.129,9.1565,6.4938,8.5927,7.8595,9.4202,7.151,7.6296,8.4568,8.2926,6.7549,10.4667,9.1039,9.797,6.9663,9.5261,6.247,9.3432,6.2001,8.7028,10.1017,9.786,8.0871,8.5686,7.7866,7.0394,7.4196,9.9211,6.6976,8.1016,8.5594,7.3194,8.497
18,4,9,8,8,9,9,8,8,6,8,7,7,6,7,7,9,7,9,7,8,5,6,7,9,6,8,6,7,4,7,6,6,5,8,6,9,7,9,4,8,9,9,6,7,9.9673,6.423,8.3188,7.8211,9.6521,7.9178,9.0459,7.9864,8.557,6.5206,8.6568,7.4736,8.4941,8.1695,7.3703,7.015,10.1258,6.7443,9.9526,10.0346,10.8145,7.7521,10.1495,7.8037,10.714,7.3637,9.3883,7.0306,9.4619,8.5376,9.1667,9.1642,6.4397,6.2182,9.4211,7.8284,8.7802,8.0522,8.0143,7.8965,8.701,7.1247,10.5174,7.5587
19,6,8,9,9,6,9,8,9,4,6,6,6,5,7,8,8,7,8,7,9,5,7,8,9,5,8,7,8,5,8,7,7,5,6,6,8,9,9,6,6,8,9,5,7,8.8491,5.6822,9.4944,6.3567,9.2126,7.6761,8.7144,6.923,10.3772,7.2314,9.2102,6.0265,8.4759,6.4273,9.0961,6.5432,9.1763,9.2764,9.5825,7.584,9.2471,6.5271,9.481,7.7121,7.6821,8.2888,8.9687,7.0929,9.5773,9.7737,9.4102,6.9707,9.4125,7.2112,10.7522,6.6752,9.5328,7.8227,11.0825,6.7283,10.5407,7.9402,10.0946,7.8338
20,6,9,6,9,7,9,8,9,5,9,8,9,6,9,6,9,7,9,8,9,5,7,8,9,6,9,6,7,6,8,6,7,4,9,7,9,7,9,5,7,8,9,7,9,7.1573,7.8434,9.686,8.2703,9.8767,6.3813,8.8909,7.1342,10.2694,6.6949,10.0283,7.3441,8.488,8.1553,7.7282,7.9059,8.9692,8.7902,8.9354,8.1046,10.2121,7.3195,9.4761,7.7152,10.1974,8.2167,10.0773,8.3732,10.3852,7.2077,8.7108,9.1577,9.2037,7.3352,9.8791,6.9897,10.7558,6.9613,8.2954,7.2503,8.5927,6.4576,10.4537,7.208
